<form1>
<header>
<txtPONum />
<dtmDate />
<txtOrderedByCompanyName />
<txtOrderedByAddress />
<txtOrderedByCity />
<drpOrderedByCountry />
<drpOrderedByStateProv />
<txtOrderedByZipCode />
<txtOrderedByPhone />
<txtOrderedByFax />
<txtOrderedByContactName />
<txtDeliverToCompanyName />
<txtDeliverToAddress />
<txtDeliverToCity />
<drpDeliverToCountry />
<drpDeliverToStateProv />
<txtDeliverToZipCode />
<txtDeliverTotPhone />
<txtDeliverToFax />
<txtDeliverToContactName />
</header>
<detailHeader xfa:dataNode="dataGroup" />
<detail>
<txtPartNum>25906311C</txtPartNum>
<txtDescription>Air Flow Meter</txtDescription>
<numQty>10</numQty>
<numUnitPrice>145.95000000</numUnitPrice>
<numAmount>1459.50000000</numAmount>
</detail>
<total>
<TermsConditions />
<drpCardType> </drpCardType>
<txtCardNum />
<numTotal>3237.85000000</numTotal>
<chkStateTax>0</chkStateTax>
<numStateTaxRate />
<numStateTax>0.00000000</numStateTax>
<chkFederalTax>0</chkFederalTax>
<numFederalTaxRate />
<numFederalTax>0.00000000</numFederalTax>
<chkShippingCharge>
0</chkShippingCharge>
<numShippingCharge />
<numGrandTotal>3237.85000000</numGrandTotal>
</total>
<commentsHeader xfa:dataNode="dataGroup" />
<footer xfa:dataNode="dataGroup" />
<detail>
<txtPartNum>25129637J</txtPartNum>
<txtDescription>Air Intake Sleeve</txtDescription>
<numQty>1</numQty>
<numUnitPrice>98.95000000</numUnitPrice>
<numAmount>98.95000000</numAmount>
</detail>
<detail>
<txtPartNum>580463116</txtPartNum>
<txtDescription>Electric Fuel Pump</txtDescription>
<numQty>10</numQty>
<numUnitPrice>149.95000000</numUnitPrice>
<numAmount>1499.50000000</numAmount>
</detail>
<detail>
<txtPartNum>57251</txtPartNum>
<txtDescription>Oxygen Sensor</txtDescription>
<numQty>1</numQty>
<numUnitPrice>69.95000000</numUnitPrice>
<numAmount>69.95000000</numAmount>
</detail>
<detail>
<txtPartNum>25906312A</txtPartNum>
<txtDescription>Wiring Harness Upgrade</txtDescription>
<numQty>1</numQty>
<numUnitPrice>109.95000000</numUnitPrice>
<numAmount>109.95000000</numAmount>
</detail>
<detail>
<txtPartNum />
<txtDescription />
<numQty />
<numUnitPrice />
<numAmount />
</detail>
<detail>
<txtPartNum />
<txtDescription />
<numQty />
<numUnitPrice />
<numAmount />
</detail>
<detail>
<txtPartNum />
<txtDescription />
<numQty />
<numUnitPrice />
<numAmount />
</detail>
<detail>
<txtPartNum />
<txtDescription />
<numQty />
<numUnitPrice />
<numAmount />
</detail>
<detail>
<txtPartNum />
<txtDescription />
<numQty />
<numUnitPrice />
<numAmount />
</detail>
<detail>
<txtPartNum />
<txtDescription />
<numQty />
<numUnitPrice />
<numAmount />
</detail>
<detail>
<txtPartNum />
<txtDescription />
<numQty />
<numUnitPrice />
<numAmount />
</detail>
<detail>
<txtPartNum />
<txtDescription />
<numQty />
<numUnitPrice />
<numAmount />
</detail>
<detail>
<txtPartNum />
<txtDescription />
<numQty />
<numUnitPrice />
<numAmount />
</detail>
<detail>
<txtPartNum />
<txtDescription />
<numQty />
<numUnitPrice />
<numAmount />
</detail>
<detail>
<txtPartNum />
<txtDescription />
<numQty />
<numUnitPrice />
<numAmount />
</detail>
<detail>
<txtPartNum />
<txtDescription />
<numQty />
<numUnitPrice />
<numAmount />
</detail>
<detail>
<txtPartNum />
<txtDescription />
<numQty />
<numUnitPrice />
<numAmount />
</detail>
<detail>
<txtPartNum />
<txtDescription />
<numQty />
<numUnitPrice />
<numAmount />
</detail>
</form1>